{
  "project_info": {
    "project_number": "216738462309",
    "project_id": "red-social-udh-fbe53",
    "storage_bucket": "red-social-udh-fbe53.appspot.com"
  },
  "client": [
    {
      "client_info": {
        "mobilesdk_app_id": "1:216738462309:android:035fff4a5390ebb0fe248c",
        "android_client_info": {
          "package_name": "com.example.redsocialudh"
        }
      },
      "oauth_client": [
        {
          "client_id": "216738462309-69kvcp9au5e30esilbun1cpuobvl4igd.apps.googleusercontent.com",
          "client_type": 3
        }
      ],
      "api_key": [
        {
          "current_key": "AIzaSyBVSGwFIrYwmDBI3HnAF6SCR2yf6zrpHxU"
        }
      ],
      "services": {
        "appinvite_service": {
          "other_platform_oauth_client": [
            {
              "client_id": "216738462309-69kvcp9au5e30esilbun1cpuobvl4igd.apps.googleusercontent.com",
              "client_type": 3
            }
          ]
        }
      }
    }
  ],
  "configuration_version": "1"
}